firm_name,First Name,Last Name,Email,City,State,Zip Code
HUB,Andrew,W,andrew@benefitflow.com,San Francisco,CA,94105
SEQUOIA,Sarah,J,sarah@sequoia.com,San Mateo,CA,94402
ALLIANT,Mike,R,mike@alliant.com,Newport Beach,CA,92660
MERCER,Jessica,L,jessica@mercer.com,New York,NY,10036
GALLAGHER,Tom,H,tom@ajg.com,Rolling Meadows,IL,60008
AON,David,K,david@aon.com,Chicago,IL,60601
WTW,Emily,S,emily@wtw.com,Arlington,VA,22202
WILLIS,Chris,P,chris@willis.com,London,UK,
LOCKTON,Amanda,B,amanda@lockton.com,Kansas City,MO,64111
MARSH,John,D,john@marsh.com,New York,NY,10036
USI,Robert,M,robert@usi.com,Valhalla,NY,10595
NFP,Lisa,G,lisa@nfp.com,New York,NY,10017
BROWN & BROWN,Kevin,T,kevin@bbinsurance.com,Daytona Beach,FL,32114
ABD,Rachel,N,rachel@theabdteam.com,San Mateo,CA,94402
